[{"RecipeTitle":"Croque-Monsieur Breakfast Casserole","Type":"BREAKFAST","Taste":"salty","Attributes":"easy to make","Link":"https://cooking.nytimes.com/recipes/1019767-croque-monsieur-breakfast-casserole?action=click&module=Global%20Search%20Recipe%20Card&pgType=search&rank=8"},{"RecipeTitle":"Breakfast Carbonara","Type":"BREAKFAST","Taste":"salty","Attributes":"","Link":"https://cooking.nytimes.com/recipes/1018326-breakfast-carbonara?action=click&module=Global%20Search%20Recipe%20Card&pgType=search&rank=1"},{"RecipeTitle":"Chia Seed Breakfast Pudding","Type":"BREAKFAST","Taste":"sweet","Attributes":"","Link":"https://cooking.nytimes.com/recipes/1016254-chia-seed-breakfast-pudding?action=click&module=Global%20Search%20Recipe%20Card&pgType=search&rank=16"},{"RecipeTitle":"\"Bacon","Type":" Egg and Cheese Breakfast Casserole\"","Taste":"BREAKFAST","Attributes":"salty","Link":"","undefined":"https://cooking.nytimes.com/recipes/1019120-bacon-egg-and-cheese-breakfast-casserole?action=click&module=Global%20Search%20Recipe%20Card&pgType=search&rank=19"},{"RecipeTitle":"Hummus Wrap","Type":"LUNCH","Taste":"salty","Attributes":"HEALTHY","Link":"https://cooking.nytimes.com/recipes/1014014-hummus-wrap?action=click&module=Global%20Search%20Recipe%20Card&pgType=search&rank=20"},{"RecipeTitle":"Spicy Grilled Zucchini","Type":"LUNCH","Taste":"SPICY + salty","Attributes":"healthy","Link":"https://cooking.nytimes.com/recipes/1014194-spicy-grilled-zucchini?action=click&module=Global%20Search%20Recipe%20Card&pgType=search&rank=14"},{"RecipeTitle":"\"Vegan Pho With Carrots","Type":" Noodles and Edamame\"","Taste":"LUNCH","Attributes":"salty","Link":"healthy + VEGAN","undefined":"https://cooking.nytimes.com/recipes/1014452-vegan-pho-with-carrots-noodles-and-edamame?action=click&module=Global%20Search%20Recipe%20Card&pgType=search&rank=32"},{"RecipeTitle":"Panzanella With Mozzarella and Herbs","Type":"LUNCH","Taste":"salty","Attributes":"","Link":"https://cooking.nytimes.com/recipes/1017518-panzanella-with-mozzarella-and-herbs?action=click&module=Recirculation%20Band%20Recipe%20Card&region=More%20from%20Sam%20Sifton%E2%80%99s%20Suggestions&pgType=recipedetails&rank=3"},{"RecipeTitle":"\"Linguine With Chickpeas","Type":" Broccoli and Ricotta\"","Taste":"DINNER","Attributes":"salty","Link":"easy to make","undefined":"https://cooking.nytimes.com/recipes/1019906-linguine-with-chickpeas-broccoli-and-ricotta?module=Recipe+of+The+Day&pgType=homepage&action=click"},{"RecipeTitle":"Creamy Pasta With Smoked Bacon and Peas","Type":"DINNER","Taste":"salty","Attributes":"easy to make","Link":"https://cooking.nytimes.com/recipes/1012805-creamy-pasta-with-smoked-bacon-and-peas?action=click&module=RecentlyViewed&pgType=recipe-page&region=Recently%20Viewed&rank=3"},{"RecipeTitle":"Spicy Roasted Chicken Thighs","Type":"DINNER","Taste":"SPICY","Attributes":"easy to make","Link":"https://cooking.nytimes.com/recipes/7032-spicy-roasted-chicken-thighs?action=click&module=Global%20Search%20Recipe%20Card&pgType=search&rank=2"},{"RecipeTitle":"Pecan Pie Truffles","Type":"DESSERT","Taste":"sweet","Attributes":"","Link":"https://cooking.nytimes.com/recipes/1015214-pecan-pie-truffles?action=click&module=Collection%20Page%20Recipe%20Card&region=Vegan%20Dessert%20Recipes&pgType=collection&rank=1"},{"RecipeTitle":"Vegan Chocolate Chip Cookies","Type":"DESSERT","Taste":"sweet","Attributes":"","Link":"https://cooking.nytimes.com/recipes/1020873-vegan-chocolate-chip-cookies?action=click&module=Recirculation%20Band%20Recipe%20Card&region=More%20from%20Vegan%20Dessert%20Recipes&pgType=recipedetails&rank=1"},{"RecipeTitle":"Banana Cream Pie No-Churn Ice Cream","Type":"DESSERT","Taste":"sweet","Attributes":"","Link":"https://cooking.nytimes.com/recipes/1020352-banana-cream-pie-no-churn-ice-cream?action=click&module=Recirculation%20Band%20Recipe%20Card&region=More%20recipes%20from%20Erin%20Jeanne%20McDowell&pgType=recipedetails&rank=2"},{"RecipeTitle":"Spicy Hot Chocolate","Type":"DESSERT","Taste":"sweet + spicy","Attributes":"","Link":"https://cooking.nytimes.com/recipes/1016035-spicy-hot-chocolate?action=click&module=Global%20Search%20Recipe%20Card&pgType=search&rank=12"},{"RecipeTitle":"Classic Zucchini Bread","Type":"SNACK","Taste":"salty","Attributes":"","Link":"https://cooking.nytimes.com/recipes/1018909-classic-zucchini-bread?action=click&module=Recirculation%20Band%20Recipe%20Card&region=Trending%20on%20Cooking&pgType=recipedetails&rank=1"},{"RecipeTitle":"Parmesan Cream Crackers","Type":"SNACK","Taste":"salty","Attributes":"easy to make","Link":"https://cooking.nytimes.com/recipes/1012655-parmesan-cream-crackers?action=click&module=Collection%20Page%20Recipe%20Card&region=Back%20to%20School%20Snacks&pgType=collection&rank=3"},{"RecipeTitle":"Crisp Nori Chips With Toasted Sesame Oil","Type":"SNACK","Taste":"salty","Attributes":"easy to make","Link":"https://cooking.nytimes.com/recipes/1012820-crisp-nori-chips-with-toasted-sesame-oil?action=click&module=Collection%20Page%20Recipe%20Card&region=Back%20to%20School%20Snacks&pgType=collection&rank=5"},{"RecipeTitle":"5-Minute Hummus","Type":"SNACK","Taste":"salty","Attributes":"easy to make + healthy","Link":"https://cooking.nytimes.com/recipes/1019619-5-minute-hummus?action=click&module=Recirculation%20Band%20Recipe%20Card&region=Trending%20on%20Cooking&pgType=recipedetails&rank=3"}]